Region, Per
Central,6.309000000000000000e+03
West, 5.400000000000000000e+02
East,5.080000000000000000e+02
North-East,3.460000000000000000e+02
North, 2.040000000000000000e+02
